"Monthly Home Sales by County/Independent City, 2016 - present",,,,,,,,"Note: Data are deemed reliable but are not guaranteed.
",,,,,,,,,,,,,,,,,,,,,,,,,,,,,,,,,,,,,,,,,,,,,,,,,,,,,,,,,,,,,,,,,,,,,,,,,,,,,,,,,,,,,,,,,,,,,,,,,,,,,,,,,,
Source: Virginia REALTORS,,Contact:research@virginiarealtors.org,,,,,,Figures reported by Virginia REALTORS® may differ slightly ,,,,,,,,,,,,,,,,,,,,,,,,,,,,,,,,,,,,,,,,,,,,,,,,,,,,,,,,,,,,,,,,,,,,,,,,,,,,,,,,,,,,,,,,,,,,,,,,,,,,,,,,,,
"Updated: July 15, 2025",,,,,,,,from those reported by local REALTORS® associations or MLSs. ,,,,,,,,,,,,,,,,,,,,,,,,,,,,,,,,,,,,,,,,,,,,,,,,,,,,,,,,,,,,,,,,,,,,,,,,,,,,,,,,,,,,,,,,,,,,,,,,,,,,,,,,,,
Contact: research@virginiarealtors.org,,,,,,,,,,,,,,,,,,,,,,,,,,,,,,,,,,,,,,,,,,,,,,,,,,,,,,,,,,,,,,,,,,,,,,,,,,,,,,,,,,,,,,,,,,,,,,,,,,,,,,,,,,,,,,,,,,
,,,,,,,,,,,,,,,,,,,,,,,,,,,,,,,,,,,,,,,,,,,,,,,,,,,,,,,,,,,,,,,,,,,,,,,,,,,,,,,,,,,,,,,,,,,,,,,,,,,,,,,,,,,,,,,,,,
County/City,2016 - Jan,2016 - Feb,2016 - Mar,2016 - Apr,2016 - May,2016 - Jun,2016 - Jul,2016 - Aug,2016 - Sep,2016 - Oct,2016 - Nov,2016 - Dec,2017 - Jan,2017 - Feb,2017 - Mar,2017 - Apr,2017 - May,2017 - Jun,2017 - Jul,2017 - Aug,2017 - Sep,2017 - Oct,2017 - Nov,2017 - Dec,2018 - Jan,2018 - Feb,2018 - Mar,2018 - Apr,2018 - May,2018 - Jun,2018 - Jul,2018 - Aug,2018 - Sep,2018 - Oct,2018 - Nov,2018 - Dec,2019 - Jan,2019 - Feb,2019 - Mar,2019 - Apr,2019 - May,2019 - Jun,2019 - Jul,2019 - Aug,2019 - Sep,2019 - Oct,2019 - Nov,2019 - Dec,2020 - Jan,2020 - Feb,2020 - Mar,2020 - Apr,2020 - May,2020 - Jun,2021 - Jul,2020 - Aug,2020 - Sep,2020 - Oct,2020 - Nov,2020 - Dec,2021 -  Jan,2021- Feb,2021-Mar,2021-Apr,2021- May,2021- Jun,2021-   Jul,2021 - Aug,2021 - Sep,2021 - Oct,2021 - Nov,2021 - Dec,2022 -   Jan ,2022 - Feb,2022 - Mar,2022 - Apr,2022 - May,2022 -  Jun,2022 - Jul,2022- Aug,2022 - Sep,2022 - Oct,2022 - Nov,2022 - Dec,2023 - Jan,2023 - Feb,2023 - Mar,2023 - Apr,2023 - May,2023 - Jun,2023 - Jul,2023 - Aug,2023 - Sep,2023 - Oct,2023 - Nov,2023 - Dec,2024 - Jan,2024 - Feb,2024 - Mar,2024 - Apr,2024- May,2024- June,2024- July,2024- Aug,2024- Sep,2024- Oct,2024- Nov,2024- Dec,2025- Jan,2025- Feb,2025- Mar,2025- Apr,2025- May,2025- June
Accomack County,21,15,27,42,30,45,26,37,32,38,35,31,30,33,32,44,42,49,57,61,53,47,37,53,26,37,44,31,45,45,53,46,41,54,41,43,24,25,27,41,51,54,58,51,42,65,33,43,32,33,46,33,38,57,64,77,82,87,71,64,66,41,56,61,66,66,84,55,74,65,59,55,26,24,40,27,44,64,47,60,47,63,47,33,25,30,45,31,53,64,53,53,43,57,44,38,28,39,40,38,61,57,64,55,55,52,55,37,42,41,35,36,56,47
Albemarle County,64,88,131,135,196,251,179,161,134,132,117,137,98,71,117,145,205,259,169,202,139,153,144,132,77,106,160,182,225,241,210,201,124,124,120,134,91,84,135,166,226,261,253,168,145,153,117,170,88,92,164,136,166,203,244,166,176,180,158,171,131,107,183,196,205,278,232,217,150,179,137,189,111,144,168,175,202,222,191,190,132,137,126,115,89,88,122,142,174,214,150,159,102,111,108,131,70,90,115,134,183,169,147,156,100,130,115,136,87,66,109,128,157,182
Alexandria City,101,122,212,232,290,284,261,218,201,162,198,217,132,147,225,252,287,323,257,240,174,219,215,184,145,170,258,237,294,311,286,234,199,229,220,254,156,180,204,254,288,254,239,210,183,221,151,183,133,170,213,215,165,235,279,276,275,297,232,256,173,217,315,315,311,313,297,270,238,245,256,246,168,132,228,226,298,303,228,213,154,159,130,132,109,140,195,187,215,244,182,201,157,165,131,119,108,147,162,194,221,187,188,154,139,156,139,123,124,117,161,164,208,229
Alleghany County,2,3,8,9,8,5,7,10,8,7,6,6,5,9,11,5,5,9,10,4,5,13,5,5,10,13,11,11,12,12,14,13,11,10,14,2,6,12,6,10,10,4,21,11,7,12,8,9,8,11,12,11,6,13,9,13,13,10,13,11,11,8,9,11,8,15,12,13,15,16,11,10,50,36,48,49,12,13,18,15,14,10,9,12,13,11,10,12,11,15,9,8,13,11,12,14,8,5,11,8,10,9,14,21,12,17,14,4,4,6,10,11,11,12
Amelia County,11,11,11,14,13,11,14,7,30,13,7,5,11,9,8,8,12,24,10,19,16,14,7,10,7,6,15,15,11,24,13,17,9,11,9,8,7,6,17,5,14,18,13,16,14,12,9,10,10,8,17,17,11,21,17,11,15,14,10,14,12,13,23,16,22,16,19,18,10,25,17,17,108,84,147,145,18,14,15,22,19,17,8,12,5,5,20,11,13,8,16,15,5,9,5,14,7,7,10,11,21,12,13,5,13,10,13,10,10,9,8,15,23,17
Amherst County,13,14,18,19,28,28,28,42,26,32,38,30,27,20,33,35,16,38,40,34,30,32,34,20,23,20,31,19,26,20,25,32,29,37,32,19,19,16,29,29,28,32,30,42,35,30,25,22,22,23,42,22,45,49,46,37,44,40,22,45,36,15,33,50,35,46,28,34,44,27,29,38,158,192,303,283,44,28,31,38,28,22,19,24,28,23,26,16,29,28,28,22,22,34,29,25,11,14,21,30,40,27,30,29,20,21,28,22,23,23,26,30,29,27
Appomattox County,8,12,14,17,13,15,13,21,9,12,20,4,9,10,14,11,13,21,10,11,14,17,17,17,9,3,13,16,20,21,11,13,12,20,21,14,13,12,16,7,19,19,18,28,17,12,18,15,13,12,16,23,20,27,18,24,19,25,18,19,11,21,20,19,19,17,30,20,22,23,16,23,9,10,12,15,17,15,16,15,15,11,13,10,9,8,17,11,15,15,13,18,18,16,9,17,13,8,5,15,25,19,13,18,6,19,18,16,17,12,12,13,19,20
Arlington County,147,141,223,272,303,347,287,281,226,247,249,225,160,176,256,255,372,365,313,269,246,263,261,192,158,182,255,274,332,346,305,300,222,237,221,269,184,177,215,284,308,279,277,255,197,216,181,209,149,154,229,200,187,229,286,297,277,266,225,271,160,249,290,359,328,376,346,304,244,275,290,291,17,6,15,14,309,287,247,235,211,184,169,142,105,140,199,215,267,273,190,194,172,150,170,127,126,160,176,247,231,207,199,188,149,176,156,145,128,146,174,222,228,247
Augusta County,40,38,59,79,82,72,75,87,81,69,79,63,48,41,59,62,95,92,81,89,75,93,58,73,47,51,59,77,79,95,94,91,73,75,69,59,42,39,58,86,80,82,114,72,80,79,88,73,54,43,67,48,80,79,87,89,99,120,80,96,69,64,74,84,90,98,94,87,84,97,69,83,34,27,31,36,74,86,72,96,74,61,51,49,36,37,55,60,61,74,75,57,60,58,56,59,45,52,58,57,58,54,67,67,64,70,57,59,60,66,53,91,96,81
Bath County,2,3,0,1,3,4,3,2,0,2,3,0,1,0,4,1,1,1,3,6,2,6,9,3,4,5,4,4,4,1,3,4,5,5,3,1,0,5,4,3,2,2,3,2,1,3,3,2,2,2,1,1,1,8,6,6,6,4,5,6,7,4,4,4,5,7,3,6,8,4,4,1,21,12,8,21,8,7,4,4,4,2,3,4,2,5,2,1,3,6,2,5,2,6,0,1,3,3,1,1,5,3,3,4,3,4,1,2,3,1,3,4,4,6
Bedford County,68,66,77,112,125,130,114,126,147,119,100,118,69,68,97,117,134,152,149,144,106,103,103,100,70,94,118,101,140,165,133,143,104,131,97,84,71,88,123,122,128,161,130,140,111,128,86,99,97,64,132,121,125,170,186,163,150,158,139,128,97,95,121,124,153,151,164,165,129,135,133,145,82,101,127,123,147,143,143,125,112,104,97,73,61,75,96,71,87,113,108,109,114,83,77,64,48,71,87,110,107,99,97,106,92,95,109,87,70,70,78,91,117,133
Bland County,1,1,1,5,6,3,2,6,2,4,2,3,1,0,1,1,1,2,2,5,3,1,1,1,4,1,3,5,1,3,2,1,3,0,2,3,1,2,4,1,4,5,2,5,1,3,4,1,2,6,0,3,0,6,4,4,5,7,10,7,1,2,6,2,3,7,4,4,4,5,1,5,3,4,6,4,2,6,4,4,3,5,1,0,1,1,3,3,6,3,2,1,1,0,5,1,3,6,4,5,1,1,4,4,1,2,1,2,1,0,1,3,4,3
Botetourt County,25,24,37,34,50,44,48,49,52,31,44,27,22,29,44,42,43,52,42,36,46,41,33,32,28,25,33,41,51,64,56,36,45,40,43,44,24,26,34,39,59,48,49,55,49,46,33,34,27,24,51,30,33,50,51,56,47,62,46,35,32,37,50,34,42,45,50,42,36,42,41,49,31,14,27,26,50,49,44,38,44,27,22,22,18,21,33,29,43,36,28,31,35,22,31,26,20,16,28,23,33,31,32,29,31,34,33,29,24,20,21,33,44,36
Bristol City,0,0,5,2,7,6,3,3,6,4,3,3,4,2,2,6,9,9,9,6,4,8,6,5,4,2,8,5,17,7,7,7,8,4,5,2,3,4,6,7,5,7,6,8,5,7,22,4,3,7,4,3,6,7,8,5,6,8,6,4,5,4,6,12,8,11,10,6,7,11,5,7,3,7,10,4,4,8,12,6,9,12,4,4,4,1,9,5,5,2,3,8,5,3,8,4,6,2,32,18,26,18,20,19,21,16,21,19,15,20,21,20,20,20
Brunswick County,1,1,3,4,3,0,1,2,4,3,1,1,1,1,2,4,2,3,0,1,0,1,2,1,3,1,2,1,2,2,4,1,3,3,0,4,1,1,6,4,4,1,3,2,4,2,3,1,3,4,4,4,2,2,1,2,3,0,0,2,3,2,1,4,1,3,2,3,0,7,1,3,3,3,3,1,1,3,2,4,2,3,2,1,3,2,5,6,1,4,0,6,1,8,1,5,4,1,1,1,5,1,4,2,5,3,1,5,3,1,1,5,3,3
Buchanan County,2,1,2,0,2,2,2,3,1,7,1,3,2,4,0,5,6,1,3,2,3,1,4,4,1,0,4,1,4,1,3,2,3,5,7,1,3,0,6,3,0,4,10,2,0,4,3,2,1,1,1,3,3,2,6,4,3,4,3,0,2,1,10,5,4,7,5,5,2,3,5,5,1,0,3,5,2,6,3,6,5,4,2,2,2,4,3,2,6,4,4,3,3,3,2,1,1,1,3,4,3,6,5,9,2,4,1,4,0,2,4,7,4,5
Buckingham County,7,6,9,14,6,11,11,13,7,5,9,11,8,4,5,9,9,11,15,15,16,16,13,11,2,8,16,12,18,13,10,15,11,17,14,16,14,8,9,7,13,11,10,10,13,6,7,14,8,6,6,11,12,3,21,10,15,17,9,12,11,10,12,12,17,24,14,16,16,12,19,7,7,15,9,13,13,11,15,19,11,7,8,7,6,12,14,11,12,11,18,13,6,13,13,11,9,12,11,11,12,12,16,5,5,16,20,13,11,9,18,12,13,17
Buena Vista City,2,4,5,9,4,5,9,3,2,7,9,8,5,2,4,9,5,10,10,10,6,8,5,5,3,3,9,4,12,9,5,11,4,5,2,7,2,8,3,11,14,10,8,8,5,10,5,6,8,2,3,6,3,12,9,10,9,4,6,18,6,7,9,5,9,9,8,6,13,4,12,10,8,6,7,11,9,7,7,9,10,3,6,14,4,2,4,6,8,4,9,6,3,3,12,6,6,5,6,7,10,9,7,3,7,5,1,1,2,1,3,3,4,4
Campbell County,31,31,34,49,53,68,59,52,65,41,50,50,30,36,43,59,60,58,57,66,34,46,42,34,30,34,54,48,60,47,60,65,53,43,50,32,32,33,46,45,55,68,66,66,43,46,48,51,30,41,59,55,64,84,64,64,65,64,67,67,39,52,65,70,86,104,115,87,74,66,64,68,71,44,57,93,77,54,71,84,80,43,37,65,36,44,56,54,69,55,57,60,56,49,37,48,41,17,55,65,60,54,60,68,62,54,50,49,46,37,55,57,67,73
Caroline County,31,25,37,43,32,72,49,38,44,36,44,47,32,29,41,49,65,60,67,49,63,49,34,43,31,42,47,51,44,59,67,51,48,49,30,39,25,39,55,49,62,70,48,50,34,51,34,43,37,29,49,52,52,68,79,56,54,53,60,54,51,44,57,57,84,76,78,62,78,62,53,63,38,37,61,58,47,66,42,73,49,47,26,31,19,38,54,38,56,53,50,45,54,41,38,33,34,38,45,41,55,55,54,59,44,39,37,36,31,29,40,49,53,51
Carroll County,15,14,23,21,22,33,23,19,32,31,28,22,17,13,23,30,39,20,29,43,37,36,25,33,18,18,25,27,29,29,25,37,31,41,32,25,22,20,21,30,25,33,31,34,33,30,28,35,26,32,24,18,26,43,38,48,58,43,38,36,20,24,29,32,39,50,54,43,39,43,39,34,11,24,29,27,44,45,28,39,45,31,18,17,20,16,36,23,24,38,29,35,23,26,32,28,22,23,23,34,36,35,26,35,21,43,26,32,9,18,26,19,24,26
Charles City County,2,1,2,4,1,6,5,5,2,2,4,2,3,2,0,3,6,3,3,4,4,7,5,3,6,2,2,1,4,3,2,4,2,6,1,1,1,0,3,6,2,2,2,7,7,1,3,4,1,2,7,1,4,5,5,4,3,1,2,6,2,2,4,3,3,4,7,5,4,3,4,3,5,1,8,3,4,5,4,4,2,2,11,2,0,1,4,2,2,8,5,1,2,3,2,2,2,4,9,4,5,1,5,2,4,3,6,7,1,2,0,4,12,4
Charlotte County,2,1,2,6,3,4,7,9,6,3,4,5,5,6,2,2,4,4,9,8,7,10,7,6,5,7,7,6,10,6,3,11,9,3,4,7,3,6,7,8,10,8,5,10,7,6,4,10,2,1,6,8,5,4,8,8,4,9,3,8,8,7,10,9,11,8,12,12,2,4,10,8,7,7,4,4,10,8,7,9,8,9,4,5,1,4,6,5,8,4,2,7,7,5,3,2,9,2,6,4,11,8,9,10,6,6,8,8,4,3,5,4,5,7
Charlottesville City,32,20,49,43,62,106,65,67,54,27,35,45,31,28,33,52,78,81,50,60,31,41,31,45,27,23,49,57,92,100,68,52,29,33,40,40,28,25,44,50,65,82,53,58,41,51,36,34,35,32,43,42,52,69,52,48,52,41,43,42,38,25,51,57,65,77,72,63,52,41,48,55,22,37,47,57,55,71,65,51,30,31,38,39,23,19,22,35,60,63,32,42,19,25,23,29,16,20,38,39,46,49,50,24,23,33,25,27,21,12,27,38,55,56
Chesapeake City,226,242,347,357,399,484,394,417,390,307,272,368,248,276,341,369,456,498,414,455,376,343,340,379,235,288,364,412,490,525,473,453,330,339,338,320,258,311,351,385,453,487,526,490,342,397,381,373,295,318,405,412,427,565,611,536,527,513,431,466,318,329,443,489,516,656,559,580,538,462,449,454,313,310,421,486,492,512,388,475,385,342,285,278,232,273,335,321,363,418,340,348,269,233,214,198,193,244,307,329,325,342,332,321,262,288,249,250,194,234,244,321,359,399
Chesterfield County,276,351,416,492,598,745,606,659,467,466,460,488,334,310,558,522,653,737,620,629,577,462,492,521,326,350,529,527,619,716,718,676,457,496,466,445,354,345,536,549,685,759,668,692,549,544,514,526,362,399,547,553,553,715,728,736,700,720,635,719,461,462,631,643,709,812,765,785,662,626,671,602,420,385,540,582,575,702,629,634,507,502,401,426,261,347,448,393,467,508,474,457,454,379,352,400,268,374,415,446,551,499,464,472,423,463,401,458,296,314,357,428,510,551
Clarke County,10,12,15,27,19,19,21,24,18,17,21,17,12,12,12,13,22,29,15,11,17,20,18,18,13,17,13,17,24,20,26,23,21,20,11,10,9,10,14,14,26,24,19,23,19,19,15,15,14,17,17,18,24,25,31,28,28,19,20,30,18,17,30,16,23,26,29,24,24,27,28,15,11,8,25,14,33,29,13,14,22,16,12,12,4,8,18,19,19,21,10,15,17,12,19,15,13,9,12,13,17,22,14,14,7,10,13,24,9,6,7,14,17,16
Colonial Heights City,17,13,11,24,30,23,30,29,24,16,14,14,16,10,21,22,29,25,31,23,27,25,12,20,14,11,24,25,27,31,30,24,24,20,22,18,20,21,25,23,19,37,27,25,26,28,13,20,10,20,25,28,24,22,28,32,15,24,22,27,22,19,24,33,28,35,33,39,38,27,27,35,36,21,22,21,26,35,27,25,27,20,18,26,18,23,19,13,24,20,29,21,17,23,16,15,16,23,22,21,15,22,22,20,21,22,26,20,15,12,17,14,33,24
Covington City,0,1,2,1,1,1,0,0,2,1,1,0,3,1,2,1,1,5,1,2,1,7,4,4,3,2,4,3,8,2,5,1,3,5,2,2,4,0,4,3,9,3,6,10,5,2,4,2,6,4,5,5,0,5,4,5,5,2,2,3,2,3,3,8,6,5,10,3,5,9,4,10,3,4,2,5,7,5,4,4,7,3,6,8,3,4,8,6,7,3,2,3,3,5,8,4,5,7,2,7,7,9,10,9,7,11,8,10,3,5,4,5,10,11
Craig County,2,4,2,3,4,2,3,2,6,6,6,3,0,3,7,8,5,2,5,7,6,5,2,2,2,1,7,5,5,11,3,7,7,6,4,4,1,4,5,1,2,6,5,3,3,5,4,2,7,6,5,4,4,6,4,6,7,8,4,6,6,0,10,2,5,4,9,7,4,6,6,3,4,2,5,3,4,5,3,0,3,2,2,2,2,3,4,1,6,7,1,4,3,3,6,4,3,6,6,7,5,5,3,2,0,4,3,1,3,4,2,2,3,4
Culpeper County,42,57,44,61,69,94,64,82,64,54,51,43,43,37,68,65,79,84,75,81,57,49,47,40,47,43,59,74,84,68,60,67,48,48,44,46,33,43,57,62,76,93,79,73,72,73,52,58,40,50,74,61,59,76,77,91,84,89,77,71,44,46,68,94,70,77,87,92,57,82,62,77,57,50,59,71,70,73,62,35,39,42,51,38,29,51,34,34,62,64,45,52,51,45,37,43,25,36,43,45,58,55,69,60,58,66,50,43,35,34,39,50,57,50
Cumberland County,8,5,8,12,10,8,6,11,12,9,4,7,8,4,10,8,11,10,9,12,8,11,2,10,6,7,4,6,10,18,12,10,15,6,10,12,11,6,12,12,8,5,13,8,10,9,12,11,6,7,10,11,10,13,9,7,19,9,8,11,8,7,13,7,15,9,5,14,10,5,10,9,8,11,8,10,16,10,7,12,14,12,4,7,9,9,15,7,14,8,9,12,13,7,14,11,7,11,7,16,13,7,14,12,15,10,11,13,7,3,14,6,14,12
Danville City,23,26,38,39,40,55,47,37,35,34,33,36,33,31,29,43,36,41,60,49,39,40,33,42,32,34,40,46,44,52,39,44,43,44,33,31,22,33,32,37,30,34,43,55,40,47,42,31,45,32,43,37,58,37,48,53,50,56,48,54,55,53,30,38,50,45,59,63,46,49,63,48,47,35,50,53,45,67,56,52,38,54,42,50,31,28,46,50,55,48,40,53,44,36,37,58,47,36,51,38,71,41,37,55,43,41,41,40,36,37,38,49,47,66
Dickenson County,0,0,1,1,1,0,1,1,0,1,0,0,1,2,0,0,1,2,1,1,2,1,1,0,0,0,0,0,0,0,1,0,1,0,0,1,1,0,0,0,1,0,1,1,0,0,1,0,1,0,1,0,0,0,0,1,0,1,0,0,0,0,0,0,1,0,0,0,0,0,0,0,0,0,0,0,1,2,0,1,0,0,0,1,0,1,0,0,0,0,0,0,1,0,0,0,0,1,1,2,1,4,4,6,3,5,4,5,3,3,3,1,2,2
Dinwiddie County,12,17,29,26,25,30,30,26,27,27,18,25,14,19,18,27,23,33,13,22,17,26,15,22,15,18,18,27,24,37,17,29,24,28,26,10,20,16,20,17,34,26,24,20,31,27,24,23,20,16,27,21,26,28,40,39,19,36,28,27,26,33,34,31,27,39,32,34,25,25,36,41,21,26,26,32,28,24,21,33,29,34,24,20,23,31,28,25,23,19,23,27,37,26,23,20,14,31,29,21,25,23,13,32,24,21,24,20,16,19,13,25,26,31
Emporia City,2,0,2,0,1,0,0,0,0,1,0,1,0,0,0,0,1,0,0,0,0,1,0,0,0,0,1,0,1,0,0,0,0,0,1,0,0,0,0,0,0,1,0,0,0,0,0,0,1,0,0,0,0,0,0,1,1,0,1,1,0,0,1,0,0,0,0,0,0,0,1,2,0,0,0,1,0,0,0,0,0,0,0,0,0,1,0,1,1,0,1,2,1,5,1,2,1,0,1,3,3,2,2,0,2,4,1,3,2,2,0,2,1,4
Essex County,6,10,6,7,13,10,10,9,11,10,6,7,7,16,15,16,10,25,8,18,7,6,14,13,12,9,9,15,20,23,16,21,7,16,13,8,4,17,16,15,13,17,16,17,11,13,11,11,8,9,12,7,14,14,28,16,18,21,11,12,9,16,12,16,14,13,17,25,18,11,11,15,8,11,16,13,16,13,21,14,15,6,10,14,10,10,13,18,9,14,11,18,13,9,10,5,2,5,11,14,10,10,15,13,8,15,10,8,6,3,13,13,18,17
Fairfax City,16,21,24,29,29,37,35,36,34,23,27,21,18,28,41,33,44,56,41,42,40,52,24,40,18,32,36,35,53,36,43,36,20,35,32,32,14,32,29,32,40,42,40,42,31,26,28,34,15,21,35,34,34,42,39,35,31,40,32,31,26,22,39,40,38,53,41,37,36,32,25,37,23,26,33,31,48,42,30,33,25,16,11,24,9,18,16,26,48,38,25,31,13,28,15,19,14,15,19,26,34,30,23,29,28,23,14,20,13,15,22,30,33,24
Fairfax County,783,865,"1,113","1,486","1,732","1,909","1,661","1,605","1,257","1,142","1,105","1,119",826,881,"1,299","1,493","1,864","2,029","1,684","1,498","1,196","1,178","1,132","1,065",806,797,"1,273","1,574","1,817","1,926","1,605","1,501","1,047","1,162","1,205","1,143",891,829,"1,238","1,663","1,817","1,836","1,738","1,502","1,214","1,280","1,102","1,141",803,883,"1,381","1,291","1,255","1,544","1,826","1,710","1,616","1,631","1,454","1,413","1,020","1,035","1,518","1,878","2,025","2,271","1,891","1,754","1,553","1,503","1,564","1,368",822,950,1421,1537,1765,1603,1301,1269,1058,915,857,769,562,700,965,"1,012","1,283","1,317","1,053","1,109",839,861,744,628,534,698,830,"1,174","1,353","1,207","1,233","1,035",934,967,869,850,573,660,852,1161,"1,290","1,346"
Falls Church City,8,3,16,13,21,26,19,22,17,13,13,14,16,14,13,17,30,31,24,19,20,12,16,10,3,8,11,21,20,30,22,23,10,15,20,18,11,4,16,24,33,16,21,17,13,15,11,10,4,8,10,21,18,11,28,27,16,17,10,11,9,9,18,19,16,27,19,17,22,17,13,12,5,10,9,20,16,17,14,12,11,13,7,5,6,8,14,13,19,18,10,14,11,9,10,9,5,5,16,10,20,11,15,13,7,12,8,5,6,11,8,21,15,23
Fauquier County,62,58,73,91,111,144,106,101,80,70,67,73,45,51,82,103,120,150,96,118,83,96,93,82,39,69,81,99,124,127,111,102,76,84,60,61,53,63,92,114,132,139,124,113,109,106,89,83,66,87,121,104,93,145,168,126,135,155,112,130,65,77,108,152,154,170,146,148,109,117,91,118,58,69,96,95,118,105,106,98,84,76,52,49,52,57,88,61,86,93,72,68,60,79,73,64,45,70,75,81,86,94,98,85,58,87,67,70,60,51,70,82,94,97
Floyd County,9,12,9,14,14,10,10,12,10,11,11,10,13,8,9,23,25,12,8,11,17,19,8,6,15,7,7,14,9,12,13,14,11,17,14,10,6,8,9,20,18,23,8,13,16,8,19,12,13,8,10,19,15,14,17,19,17,15,21,15,13,7,16,13,12,16,16,16,15,16,17,18,10,17,12,13,7,13,17,18,21,15,12,10,12,7,15,17,12,22,14,8,15,21,10,6,15,9,16,9,14,11,15,8,10,18,7,13,8,7,7,5,13,13
Fluvanna County,26,16,24,31,50,47,53,45,38,36,37,39,22,25,48,47,55,55,50,39,50,47,32,45,21,31,47,64,50,56,52,37,39,44,38,28,27,25,46,48,48,52,62,58,43,37,48,49,32,29,46,40,42,56,64,70,47,56,42,63,34,52,69,58,46,64,58,61,61,58,43,38,37,29,50,39,51,72,53,44,55,44,43,44,21,20,42,37,39,63,40,40,44,33,25,15,18,21,28,43,45,34,38,41,21,33,24,33,24,27,42,41,48,31
Franklin City,4,3,13,7,8,4,10,1,13,6,8,4,1,4,6,4,6,9,11,7,9,6,14,8,5,5,8,5,9,10,10,14,8,8,7,6,4,8,6,8,12,4,6,5,8,7,8,6,2,3,10,6,7,5,11,9,5,12,8,14,9,5,9,9,5,9,16,10,11,12,9,7,12,6,6,10,11,12,13,10,20,9,16,12,7,12,20,7,14,10,9,9,15,7,5,13,8,6,15,16,11,9,5,15,14,13,17,11,13,11,17,13,17,15
Franklin County,46,35,52,48,74,66,68,67,65,68,64,50,30,30,69,61,76,74,58,73,71,61,71,47,45,45,52,66,71,63,59,74,64,67,49,38,43,50,55,68,75,73,87,82,72,69,62,51,41,44,65,67,68,92,102,114,115,104,97,101,58,63,74,68,75,92,78,95,98,91,68,76,46,67,57,86,83,74,71,72,73,66,50,42,33,36,38,43,60,71,43,47,47,47,37,45,37,43,68,71,69,61,73,55,52,68,61,37,36,48,58,60,78,73
Frederick County,62,86,100,112,140,139,139,136,131,113,116,122,76,77,97,131,145,149,117,142,123,134,110,106,91,90,105,109,137,151,134,143,140,150,101,103,94,89,133,153,164,168,172,168,143,131,131,150,93,113,110,143,174,190,228,212,179,154,160,168,105,115,119,158,172,179,180,185,185,153,159,152,101,95,119,165,164,143,134,157,118,101,98,100,62,81,120,109,116,132,140,138,105,109,100,78,88,95,133,142,148,150,131,152,145,131,123,127,82,103,123,125,173,168
Fredericksburg City,21,14,27,27,39,35,30,35,32,29,23,19,20,22,28,27,33,40,33,36,37,26,25,21,18,18,23,25,38,33,48,28,15,16,22,26,17,21,26,29,33,29,30,25,28,28,20,33,21,19,22,34,30,38,40,38,38,35,37,43,44,26,26,45,51,41,48,43,33,32,32,39,27,33,43,37,40,40,20,47,37,21,24,25,18,13,26,16,37,35,27,26,25,22,12,16,14,16,24,27,24,32,27,34,19,17,25,22,13,17,23,27,32,30
Galax City,7,4,5,7,7,5,9,9,10,10,11,6,5,5,6,6,8,11,12,7,15,7,9,5,6,10,5,9,11,8,18,7,8,10,9,7,2,3,8,10,9,17,11,7,10,8,11,4,6,10,13,12,10,8,13,7,9,12,9,16,6,14,9,15,8,16,5,9,8,16,9,13,7,5,10,10,10,9,18,16,15,8,6,10,5,6,8,11,14,10,8,11,4,11,4,14,2,9,4,7,14,6,7,11,8,3,13,10,2,4,4,11,8,9
Giles County,11,10,13,9,9,14,15,20,12,10,12,14,6,8,17,17,14,14,13,11,4,14,17,11,13,9,15,11,9,14,21,14,11,10,14,8,6,9,15,12,17,18,20,14,12,13,11,6,11,4,16,11,14,21,14,21,21,16,19,11,11,14,17,17,11,24,20,21,14,9,16,20,12,8,19,24,13,16,15,13,15,24,15,10,9,6,14,6,12,15,20,11,5,17,13,8,5,10,15,16,10,11,7,15,6,19,7,8,6,9,13,14,5,7
Gloucester County,30,35,49,54,49,67,63,56,69,43,40,52,33,35,63,49,61,83,57,53,50,60,47,36,36,35,38,56,61,60,64,62,56,46,46,51,28,33,49,45,39,80,62,60,57,40,42,46,28,28,52,48,49,82,75,71,72,58,57,58,43,39,53,78,52,84,69,62,57,55,52,58,43,39,62,41,58,58,63,58,58,36,44,38,39,26,50,47,49,51,43,41,34,45,31,29,27,31,47,38,65,40,50,37,40,48,24,35,25,22,40,43,41,51
Goochland County,16,12,21,39,35,31,30,35,35,22,22,27,19,17,23,27,38,46,42,28,26,32,24,38,20,22,31,27,31,40,40,54,22,39,22,30,23,28,22,28,33,43,31,36,30,36,28,36,21,26,27,33,37,43,44,50,39,48,43,47,32,28,39,31,40,52,50,41,41,52,42,40,18,33,38,45,51,62,43,40,35,35,29,45,24,35,39,35,41,48,31,42,26,37,37,25,24,30,22,35,48,37,36,39,38,33,38,52,24,31,43,35,34,47
Grayson County,6,5,7,11,4,10,9,10,10,9,9,12,7,5,7,9,6,8,6,12,14,10,10,9,11,10,13,8,8,6,8,9,7,15,11,9,2,5,5,8,9,10,6,13,9,8,8,16,5,5,8,11,8,13,16,22,18,24,16,15,6,9,16,12,11,11,11,17,16,13,17,12,5,12,13,9,7,8,16,8,9,9,11,1,5,3,9,6,11,10,13,12,9,14,11,9,6,4,3,9,3,4,8,15,5,7,5,7,2,5,11,8,9,7
Greene County,14,17,14,22,33,39,20,30,30,25,24,17,16,12,21,28,29,43,25,28,13,24,23,23,11,17,23,23,33,36,33,42,23,31,34,23,20,17,33,30,44,37,34,36,31,27,24,25,27,18,30,31,27,36,39,27,30,33,20,25,27,20,22,22,29,41,32,25,26,31,32,27,23,20,24,34,44,44,22,28,22,18,15,14,15,12,20,17,22,23,25,20,13,21,17,12,17,11,21,20,29,25,38,22,20,22,22,16,14,12,28,28,28,29
Greensville County,1,1,3,0,0,0,0,2,2,1,1,2,2,0,0,0,1,1,1,1,0,2,1,0,1,0,0,1,2,2,1,0,1,1,0,0,0,1,0,1,1,0,1,1,2,2,1,0,2,2,0,1,0,1,1,1,4,1,2,1,1,0,4,1,2,1,1,0,4,0,1,1,0,3,0,2,1,1,3,0,2,5,3,5,0,0,1,3,1,3,0,7,5,1,3,6,0,2,3,6,4,4,1,1,1,3,8,4,3,3,2,5,4,2
Halifax County,10,14,13,15,8,19,19,26,20,14,12,9,23,17,28,12,16,19,22,19,12,23,20,19,14,10,10,20,30,17,31,31,33,26,21,13,7,11,19,13,20,26,25,27,23,23,12,19,24,10,24,14,17,23,20,26,39,33,20,34,30,15,20,26,29,16,17,23,23,17,37,30,22,20,23,14,21,24,22,25,29,19,15,16,18,15,20,14,27,21,13,17,17,15,16,19,15,12,18,24,23,20,15,17,28,18,16,20,13,17,27,19,20,40
Hampton City,105,124,150,161,175,168,156,194,193,161,126,165,110,125,152,172,177,180,162,198,168,160,162,160,140,118,162,187,188,203,207,199,134,164,160,157,121,152,212,208,220,228,206,208,175,182,170,160,146,156,181,181,175,232,238,239,216,220,201,239,184,189,228,260,237,255,291,303,247,281,227,240,193,213,259,247,235,259,202,232,205,188,163,163,129,136,211,180,208,203,149,179,140,126,139,140,126,156,148,166,183,171,176,144,147,159,155,133,127,126,174,165,193,175
Hanover County,79,92,100,168,155,188,168,155,151,124,136,126,98,85,138,155,170,236,153,169,144,141,110,154,109,102,152,141,170,188,198,185,149,133,118,95,84,110,136,128,175,163,185,186,142,151,134,148,112,107,168,141,179,193,234,182,234,211,152,203,140,132,167,174,212,214,218,219,166,200,175,169,99,93,163,171,163,199,157,155,142,121,117,114,77,102,126,90,121,165,88,135,98,108,98,89,62,92,83,86,144,110,150,119,121,138,120,131,70,88,104,109,136,163
Harrisonburg City,27,23,28,33,46,45,43,56,39,31,38,27,29,21,34,32,53,44,33,39,33,29,26,35,19,30,44,42,38,54,45,40,33,40,31,35,27,19,24,34,43,44,53,40,30,33,24,32,26,23,30,20,29,43,47,43,40,34,39,43,35,24,32,49,36,56,41,68,38,48,46,43,24,28,29,38,39,46,42,44,30,43,26,22,24,12,24,26,44,31,32,27,15,25,15,15,19,22,28,23,29,27,24,37,11,22,26,27,17,17,13,18,25,22
Henrico County,228,237,359,425,458,552,481,474,409,373,314,392,253,265,418,412,492,589,496,520,397,445,440,438,272,280,373,434,471,582,483,499,367,429,376,390,235,278,390,420,522,556,551,502,435,429,357,419,281,318,396,403,425,501,506,504,481,503,440,482,335,277,398,438,491,565,573,554,511,490,462,484,280,250,406,399,450,519,467,433,424,322,277,292,246,231,316,311,389,410,341,384,326,330,282,335,197,278,264,362,387,357,360,355,286,326,316,339,228,212,297,367,424,451
Henry County,19,17,35,25,31,39,27,38,28,29,32,39,39,29,38,27,35,39,28,38,22,29,35,31,22,18,43,37,34,32,27,31,44,42,22,23,17,20,27,36,37,32,39,55,38,51,24,27,32,26,28,33,35,38,36,28,42,40,35,52,36,42,37,41,51,59,48,55,58,34,43,40,34,31,42,35,40,36,44,43,54,41,32,19,33,30,43,25,38,31,42,39,33,33,24,37,30,20,41,25,47,49,46,40,34,38,47,29,24,27,32,38,37,47
Highland County,1,0,0,1,2,0,0,2,0,2,3,2,4,3,2,0,1,1,1,3,2,1,2,0,2,2,1,1,2,4,1,1,1,0,1,2,0,3,0,2,4,2,0,4,3,1,7,3,2,4,0,2,4,1,2,8,4,4,1,1,3,3,3,5,1,8,2,8,5,5,0,4,3,2,2,2,0,1,6,2,4,1,6,4,1,1,2,1,2,1,1,1,3,2,1,0,1,1,4,3,3,6,3,2,2,4,3,3,3,0,3,2,4,1
Hopewell City,14,14,25,18,31,17,25,32,20,15,20,27,19,26,39,31,29,34,28,31,19,40,31,33,19,14,29,27,33,25,32,30,27,31,25,25,28,22,32,29,28,33,23,35,30,27,26,27,20,32,26,25,23,37,30,33,41,30,37,39,21,27,34,32,29,47,45,40,48,38,37,44,34,18,44,26,38,44,29,32,42,33,25,36,15,22,39,43,29,33,30,29,24,27,19,18,22,18,21,34,35,42,35,26,16,30,29,25,17,23,31,27,29,27
Isle of Wight County,17,26,54,43,58,65,52,50,45,37,40,48,32,31,45,48,60,63,47,59,41,48,41,42,35,35,45,52,56,71,49,61,32,38,41,38,35,32,54,66,72,57,70,57,50,64,48,48,34,33,51,54,56,74,81,85,77,65,75,85,39,69,87,71,74,85,62,78,78,68,63,63,41,43,66,62,66,64,53,58,62,57,60,50,39,44,57,38,54,77,49,54,61,42,53,50,35,44,39,60,63,76,52,68,38,68,35,43,51,39,33,42,49,69
James City County,58,97,141,132,150,248,158,185,168,136,108,142,88,95,126,145,211,207,145,163,139,147,104,140,88,117,142,148,187,209,164,180,143,136,120,101,85,110,142,158,172,207,190,214,140,151,121,141,82,102,145,138,153,222,228,198,209,216,166,177,134,138,200,198,187,270,242,225,241,196,185,159,127,99,152,184,187,205,178,190,160,121,119,103,65,93,124,115,128,183,135,148,125,108,140,104,84,96,130,135,160,148,159,127,106,117,143,104,66,89,105,123,161,168
King and Queen County,5,7,3,1,4,9,6,1,7,7,4,3,7,5,7,4,4,7,8,7,9,4,4,11,1,4,4,5,5,7,8,8,10,3,8,2,3,5,6,3,6,4,11,2,4,4,4,6,4,3,4,4,6,11,3,9,4,6,8,7,8,6,5,7,5,12,16,8,2,7,7,7,4,2,8,8,3,2,7,8,3,5,4,6,2,5,3,7,8,3,6,4,8,3,3,5,5,4,5,4,5,9,3,5,5,10,2,2,2,8,6,6,9,8
King George County,24,20,13,26,33,41,34,33,21,29,31,23,22,20,36,31,29,29,33,34,37,16,36,21,26,12,29,36,39,40,34,31,17,25,29,19,16,32,37,31,29,46,43,51,36,42,35,30,19,27,36,34,40,60,55,36,51,48,40,33,30,21,42,42,40,58,57,43,41,36,33,54,24,26,37,47,31,26,29,41,30,32,37,32,18,20,25,17,30,44,30,37,34,31,27,31,22,24,35,35,40,41,38,33,28,18,23,27,21,18,29,28,33,22
King William County,18,14,17,24,25,29,25,37,23,33,28,14,12,7,22,35,21,36,16,42,23,27,40,23,14,29,22,24,36,34,36,31,24,25,24,24,15,24,17,24,27,42,25,35,35,27,27,30,24,15,29,30,31,39,43,34,33,27,33,31,17,38,36,40,33,33,41,37,46,28,30,34,22,24,23,38,33,41,36,41,26,23,31,36,17,12,17,22,25,20,15,27,19,19,14,10,14,18,31,23,20,33,21,30,20,20,26,24,22,23,28,27,29,24
Lancaster County,7,8,17,13,14,20,11,16,22,20,14,12,7,11,20,20,15,29,16,28,31,29,18,25,14,13,12,21,24,35,21,21,21,30,19,18,18,10,15,12,23,15,19,38,28,22,18,18,22,14,27,21,19,25,60,38,50,46,28,40,20,28,32,36,27,37,40,30,30,18,23,29,27,18,23,14,23,19,24,24,21,24,22,17,20,15,19,17,21,26,21,19,18,24,14,6,15,9,26,24,19,24,28,16,16,20,24,22,17,13,18,32,29,22
Lee County,0,1,0,0,0,2,0,0,0,1,0,0,0,0,0,0,0,0,0,0,0,0,0,0,0,0,1,0,0,0,0,0,0,0,0,0,0,0,0,0,0,0,0,0,0,0,0,0,0,0,0,0,0,0,0,0,0,0,0,0,0,0,0,0,0,1,1,0,0,1,0,0,1,1,0,0,0,0,1,0,1,0,0,0,0,0,0,0,0,1,0,0,0,0,0,0,1,1,6,9,8,7,7,12,3,7,7,2,1,4,10,5,5,9
Lexington City,3,9,8,3,6,14,9,7,7,7,7,8,7,6,12,7,9,5,9,9,7,9,14,7,8,8,6,10,17,18,13,20,6,6,8,5,6,1,2,9,15,17,18,15,9,10,8,4,12,3,11,7,8,8,8,9,12,12,5,10,12,12,7,12,16,19,15,11,15,11,9,10,4,8,15,15,12,23,12,14,14,5,7,12,13,1,5,5,10,12,12,12,4,11,7,11,5,2,7,13,9,8,11,3,1,2,1,5,5,0,5,8,2,4
Loudoun County,361,386,501,612,731,822,676,724,579,545,516,591,377,383,540,673,744,870,726,711,563,559,511,503,338,365,570,655,772,871,772,642,466,525,507,434,318,337,576,602,789,812,803,679,583,572,471,491,321,358,588,607,571,751,887,808,825,789,669,660,440,452,642,892,865,959,871,819,734,654,633,546,293,368,579,646,718,703,548,548,472,414,329,332,196,281,376,432,510,537,418,465,355,344,312,303,227,273,369,454,494,521,518,465,397,468,367,392,266,291,406,487,520,528
Louisa County,42,33,36,40,57,63,62,72,59,52,57,65,31,31,61,45,67,83,69,67,62,73,41,59,40,32,63,54,76,65,85,82,51,69,49,68,35,26,66,57,78,72,76,83,64,62,47,60,36,41,63,73,61,80,98,85,95,79,57,84,52,54,80,72,98,104,78,74,77,78,78,74,51,40,63,92,82,80,77,76,67,58,50,57,32,42,61,50,75,73,59,82,55,70,54,61,53,54,59,72,86,68,83,61,61,64,53,57,55,45,54,70,61,68
Lunenburg County,5,7,5,7,12,5,8,15,3,3,6,5,4,0,4,3,11,6,9,7,11,6,3,7,4,5,9,9,9,8,3,8,4,7,11,2,8,6,10,3,7,7,9,8,7,7,5,7,6,1,7,8,10,8,18,10,9,15,10,11,5,6,12,3,6,11,5,7,11,11,13,5,9,5,11,8,13,10,9,17,7,7,5,12,6,3,12,11,12,5,13,12,4,14,3,6,5,8,8,7,8,7,4,4,3,9,9,4,9,7,6,6,4,5
Lynchburg City,59,75,67,77,122,100,89,83,98,89,50,89,59,59,80,94,123,121,111,106,76,94,74,89,68,49,97,100,121,109,111,89,87,82,75,71,49,65,88,109,115,126,94,100,98,103,72,76,62,89,92,100,100,119,113,116,113,115,115,113,82,97,119,104,126,141,112,133,109,100,105,114,78,55,100,124,105,119,106,117,105,80,72,70,63,78,102,79,126,112,98,92,68,79,70,90,62,48,86,106,125,127,129,113,91,98,88,80,86,60,75,106,116,113
Madison County,10,7,10,15,23,23,22,17,11,5,14,11,6,10,11,8,15,16,6,11,13,12,8,8,9,9,5,8,19,19,15,20,12,13,12,8,4,8,16,13,19,15,16,18,8,15,7,6,6,10,17,14,8,10,13,11,21,10,17,24,10,11,14,19,13,24,13,21,20,12,12,16,10,14,14,7,24,11,12,7,9,13,16,5,4,10,5,15,14,11,12,15,14,12,9,4,8,5,16,20,12,13,9,17,13,18,9,12,9,9,8,8,13,14
Manassas City,33,34,49,57,67,91,65,76,59,57,44,46,42,33,58,69,88,78,70,64,54,55,49,59,31,52,51,61,68,76,59,71,44,51,54,41,39,34,44,53,83,65,70,64,34,65,57,61,28,41,60,40,50,58,71,83,74,74,57,73,37,45,49,67,72,67,87,71,59,72,60,71,30,44,60,51,58,52,47,56,51,37,32,28,21,44,35,45,42,59,33,52,39,46,34,27,30,30,32,35,43,46,34,52,39,44,31,40,23,16,23,39,46,35
Manassas Park City,14,25,16,17,19,33,23,27,19,22,21,11,13,21,30,24,24,23,25,25,13,19,17,18,15,18,17,19,15,26,26,23,13,18,18,8,16,14,27,13,28,28,26,24,30,26,26,12,16,17,23,23,21,19,28,30,19,23,21,24,14,20,15,21,22,30,27,27,28,22,18,16,13,10,17,17,26,26,23,15,25,14,7,10,8,11,13,11,14,21,24,23,6,16,10,6,15,22,24,27,26,14,8,18,14,12,10,9,10,12,17,22,19,12
Martinsville City,11,6,7,10,8,11,8,15,6,5,5,15,10,10,11,8,17,7,10,7,8,15,8,8,9,6,15,13,13,7,15,15,9,17,14,18,16,15,18,10,12,15,15,15,8,8,9,9,12,6,13,14,16,15,15,16,18,18,14,20,20,11,14,16,16,15,18,14,22,10,15,17,13,12,16,15,11,19,20,19,14,13,18,23,13,7,12,22,15,14,11,22,10,10,12,15,9,10,14,23,11,21,12,16,16,9,13,15,20,21,21,20,16,21
Mathews County,10,9,13,11,13,12,13,18,20,14,12,17,10,10,20,15,25,13,14,24,20,15,14,14,9,11,23,21,14,16,23,17,12,14,9,12,5,11,13,15,25,22,22,31,15,17,14,11,2,12,10,8,18,12,39,22,26,18,19,23,7,14,16,18,17,24,31,19,26,22,16,18,17,12,16,18,34,26,18,22,6,11,10,8,5,6,9,17,11,17,15,10,11,17,16,13,15,13,12,9,13,18,22,17,13,11,7,9,9,5,16,10,16,16
Mecklenburg County,4,7,8,9,15,7,14,17,15,9,11,9,12,12,15,14,19,11,14,26,20,21,18,11,11,10,27,17,16,22,15,27,12,18,21,12,7,10,20,10,25,15,23,22,10,17,19,11,9,8,20,24,15,14,23,17,22,29,13,23,17,22,17,19,19,17,30,14,27,22,20,24,11,9,21,15,18,17,17,20,15,16,11,14,12,13,18,15,10,22,12,23,18,17,12,14,15,18,22,14,24,8,14,11,17,22,13,12,18,9,16,18,19,20
Middlesex County,7,4,10,12,25,13,17,23,9,22,15,12,12,11,17,21,22,23,19,29,27,19,20,16,14,10,22,23,23,25,12,27,21,16,14,17,15,13,13,17,23,13,18,27,23,16,14,17,16,8,25,7,20,23,33,25,38,26,25,27,11,11,20,26,32,30,23,19,26,31,20,22,12,7,18,22,28,20,23,21,20,19,14,7,10,5,21,15,14,17,17,13,13,18,15,14,16,12,14,14,17,23,16,21,20,16,13,14,15,18,15,24,12,24
Montgomery County,62,63,75,87,113,144,91,104,81,64,82,58,57,54,90,81,127,152,116,103,89,71,81,68,49,55,68,83,150,140,127,91,76,78,84,65,36,59,89,99,143,142,125,124,92,89,74,71,54,63,101,92,121,134,105,100,91,92,86,89,47,62,105,91,114,160,124,135,107,94,77,72,62,57,88,95,110,117,107,105,82,65,58,67,45,48,72,74,97,103,83,85,62,56,59,69,58,38,69,74,103,98,106,88,78,64,66,64,44,52,69,62,114,116
Nelson County,21,17,15,18,23,23,18,22,23,32,23,30,12,16,23,25,18,34,21,35,25,23,31,16,23,26,22,24,22,26,21,30,31,33,32,27,19,17,26,24,29,29,28,44,38,42,29,33,20,17,27,24,21,27,40,61,66,72,58,63,46,23,51,49,34,50,41,45,34,49,39,32,32,30,44,33,29,28,32,32,39,35,30,23,17,14,29,15,22,24,40,25,33,32,23,27,19,15,29,24,20,14,31,32,26,24,31,34,21,21,30,16,23,28
New Kent County,15,19,27,35,35,32,37,44,52,31,34,37,21,26,35,39,43,53,39,50,47,46,41,30,34,25,42,39,60,57,56,62,45,46,34,32,25,21,33,39,50,57,51,47,43,40,35,49,24,26,58,37,40,51,58,47,49,47,54,63,24,36,59,54,56,74,66,69,57,58,55,92,37,46,59,49,52,86,62,80,75,47,65,62,29,51,56,41,46,47,47,56,42,49,43,51,19,35,40,49,35,54,41,40,37,53,35,41,21,33,41,46,42,64
Newport News City,119,141,170,185,187,205,189,175,177,167,144,181,100,115,198,185,196,224,205,206,198,185,149,161,107,118,178,201,202,256,209,213,181,177,185,165,146,138,204,195,230,229,254,230,217,211,186,179,133,164,196,203,215,271,292,249,244,231,215,307,198,202,266,270,304,346,336,300,316,264,281,280,203,227,294,244,279,301,239,237,216,190,201,204,149,150,193,161,223,212,205,221,207,155,175,148,113,180,185,228,214,192,194,225,174,165,146,181,118,143,190,174,206,189
Norfolk City,155,199,255,261,260,265,274,276,234,223,243,222,176,202,281,282,284,301,274,310,242,240,233,258,201,207,304,278,350,323,294,315,254,255,231,234,187,212,281,318,388,315,321,302,278,286,269,279,213,250,330,288,296,354,385,368,360,357,304,364,281,302,383,416,377,476,446,388,395,391,347,366,236,298,373,346,411,368,359,379,310,281,239,230,167,222,285,270,306,330,253,273,251,197,215,184,197,218,270,260,306,242,293,286,244,238,221,235,156,210,251,290,318,294
Northampton County,7,7,13,16,12,17,9,18,10,13,10,9,14,4,13,10,19,20,7,22,15,16,13,20,8,9,9,11,24,19,16,22,20,29,17,18,13,10,7,8,13,19,14,15,17,23,10,16,10,9,14,8,15,23,32,33,29,28,26,24,23,16,26,20,33,28,20,17,23,19,15,17,16,16,29,16,17,17,21,18,13,23,13,14,10,11,17,16,14,16,23,16,37,14,19,18,14,17,21,12,11,26,20,20,15,13,7,12,6,10,14,15,14,19
Northumberland County,6,14,17,19,21,23,12,11,17,14,20,17,11,4,21,32,22,27,22,33,21,24,25,20,14,12,22,14,21,31,29,24,35,17,25,19,18,18,19,16,27,21,19,36,29,36,23,16,20,16,32,23,18,43,56,63,55,49,34,36,23,17,36,36,36,51,35,48,34,35,32,34,20,21,28,24,29,30,19,29,27,30,17,22,11,7,26,17,27,24,22,27,16,28,15,23,21,18,15,23,30,35,18,21,24,26,26,19,17,17,14,13,30,29
Norton City,0,2,0,0,0,0,0,0,0,0,0,0,0,0,0,0,0,0,0,0,0,0,0,0,0,0,0,0,1,0,0,1,0,1,0,0,0,0,0,0,0,0,0,0,0,0,0,0,0,0,0,0,0,0,0,0,0,0,0,0,0,0,0,0,1,0,0,0,0,0,0,0,0,0,0,0,0,0,0,0,0,1,0,0,0,0,1,0,0,0,0,0,0,0,0,0,0,0,6,3,4,5,2,2,3,1,2,2,4,4,0,4,2,5
Nottoway County,5,7,9,7,10,8,4,11,14,7,5,7,3,6,8,9,8,10,9,8,15,6,8,11,6,4,7,8,10,8,7,6,10,8,8,7,6,12,17,11,15,14,3,10,5,13,12,3,7,9,8,6,7,11,16,12,11,13,9,8,15,6,9,10,9,11,11,12,16,17,8,12,9,11,9,17,12,17,15,9,11,16,10,12,11,7,14,11,9,17,12,12,19,13,13,6,9,12,12,10,11,6,9,16,11,12,15,8,4,7,16,24,19,16
Orange County,21,34,48,47,53,64,58,61,55,49,59,60,53,36,62,71,77,82,85,67,74,61,56,56,47,36,58,58,63,60,59,73,46,55,44,50,44,43,44,53,70,85,74,79,68,58,48,55,35,42,62,47,51,95,86,82,90,59,65,70,58,50,67,74,78,94,93,85,85,86,71,75,59,44,75,77,75,68,65,72,48,44,45,39,38,47,58,53,55,65,43,74,60,41,41,42,44,43,57,55,69,61,55,55,53,47,64,43,43,41,52,72,66,56
Page County,16,10,17,14,25,20,17,25,17,29,25,22,9,9,17,18,18,28,22,25,21,23,22,24,13,17,8,29,16,19,29,35,24,25,17,15,16,10,15,20,26,14,41,33,20,31,19,33,18,24,16,21,26,31,34,34,31,26,29,31,18,19,29,30,25,33,30,36,23,34,27,29,25,20,22,32,31,26,31,35,30,32,30,22,22,12,30,24,28,24,25,29,28,20,15,25,15,25,16,41,28,34,36,33,23,24,14,13,19,16,22,25,26,23
Patrick County,7,6,7,10,17,11,11,14,8,8,8,11,6,10,15,16,9,13,9,8,8,14,18,14,10,5,23,11,18,10,14,18,10,13,14,10,7,12,10,9,13,16,13,7,12,14,14,13,11,13,16,11,12,5,20,19,15,29,18,20,17,11,26,19,22,22,19,18,17,22,13,20,17,7,18,16,11,24,7,10,13,9,14,14,17,8,13,9,15,16,15,14,13,10,15,9,9,6,19,16,18,18,17,14,12,9,21,18,11,7,10,20,15,12
Petersburg City,21,18,22,28,23,23,20,25,23,28,19,18,25,20,33,20,32,29,24,29,29,30,27,31,26,27,34,29,34,46,52,26,22,22,25,29,13,21,34,29,35,22,34,27,25,28,34,24,29,31,21,27,26,36,40,48,37,43,37,43,34,23,38,34,45,53,47,38,39,38,43,54,37,47,48,50,57,52,41,41,51,45,41,38,34,35,44,47,46,56,32,40,44,30,32,51,32,23,38,46,47,32,42,47,37,40,24,28,21,22,43,50,45,47
Pittsylvania County,13,9,24,36,21,11,22,26,17,26,27,21,21,13,33,12,30,26,27,31,14,21,21,24,20,27,22,14,18,21,25,36,23,25,16,24,11,15,30,24,23,35,22,34,25,18,17,26,15,25,18,18,16,29,31,49,36,39,25,25,32,17,13,32,19,39,27,28,40,32,32,27,19,24,25,31,34,32,28,27,28,23,18,9,16,20,25,18,30,19,17,24,23,28,27,22,13,22,32,27,24,25,21,41,26,24,13,28,13,23,23,29,24,28
Poquoson City,3,8,10,16,17,20,16,14,12,15,9,16,5,9,13,9,23,28,24,14,21,11,14,10,6,10,13,14,21,26,14,27,12,11,9,16,7,14,12,18,26,21,20,25,16,16,10,17,9,12,16,20,26,21,29,22,21,19,23,20,18,14,20,21,26,28,37,27,23,18,12,12,14,16,14,23,23,27,15,24,13,9,12,9,5,7,14,21,23,17,17,38,20,26,16,21,18,21,32,19,35,33,21,35,21,24,16,10,13,11,25,19,36,27
Portsmouth City,93,94,141,140,151,160,143,132,132,122,97,131,88,94,151,145,160,135,128,156,146,138,133,143,110,135,148,129,174,175,196,122,126,141,154,140,105,124,133,150,176,184,187,167,146,172,151,138,109,137,152,156,161,194,201,195,195,188,157,190,162,153,198,206,220,257,254,220,189,222,176,207,152,182,227,195,190,233,171,173,170,161,125,126,129,108,144,158,160,176,149,151,141,120,97,127,114,133,129,172,173,147,153,144,139,146,128,111,90,117,161,147,166,148
Powhatan County,19,15,41,37,37,48,45,53,45,22,25,35,16,28,45,32,53,58,46,51,29,26,32,33,28,27,46,45,35,47,49,51,26,39,37,20,27,21,38,43,38,43,39,46,34,41,42,34,28,32,43,39,45,45,54,38,44,51,45,45,30,27,39,44,37,60,54,42,54,39,46,41,25,25,36,36,42,50,43,39,33,36,21,26,18,37,30,18,32,31,38,34,26,26,10,29,26,21,28,34,33,44,34,29,31,24,22,25,20,13,30,31,35,31
Prince Edward County,11,16,5,19,25,19,12,19,16,13,10,7,7,8,21,17,26,16,13,16,11,12,13,20,12,7,11,16,22,30,25,18,12,17,7,13,14,22,14,13,22,25,14,19,14,14,10,13,11,12,12,15,18,16,18,21,23,15,11,23,17,18,25,16,25,24,20,15,14,20,14,27,16,12,25,25,26,24,18,31,18,18,16,16,6,5,18,11,20,15,28,14,15,12,9,21,10,15,24,18,25,14,20,10,21,18,18,19,14,10,12,14,29,15
Prince George County,15,27,19,24,33,45,25,26,41,27,26,22,19,16,26,34,38,41,31,43,29,33,20,25,15,24,32,42,30,35,38,42,32,25,33,24,20,21,26,32,41,39,45,30,28,30,30,33,28,25,31,27,26,45,31,41,24,45,26,41,27,27,28,24,34,42,29,34,35,36,31,35,29,19,33,26,36,44,30,35,40,23,22,24,23,27,41,22,34,42,42,40,29,30,23,31,24,21,23,27,35,41,30,28,22,30,16,22,25,12,23,20,34,28
Prince William County,362,401,570,668,784,845,775,770,635,593,497,529,415,424,615,700,812,987,806,709,587,592,525,568,341,402,590,681,782,894,804,747,526,555,510,498,394,410,612,691,889,829,820,778,592,606,474,555,390,470,613,605,619,819,935,853,813,894,694,733,519,506,661,810,925,"1,044",924,892,805,733,737,674,411,444,650,702,787,754,620,616,561,472,382,352,301,333,437,449,554,569,487,463,400,403,349,332,277,319,381,473,540,547,529,504,412,461,372,435,251,276,307,520,531,520
Pulaski County,17,25,20,30,32,40,42,27,32,25,25,30,15,23,34,32,25,41,38,48,32,32,31,29,17,15,41,26,38,40,29,39,23,37,39,28,20,20,36,35,44,21,39,30,45,29,35,24,16,23,33,35,31,40,35,42,44,44,39,42,28,23,40,33,39,39,52,40,33,26,44,28,29,22,31,47,45,36,37,49,41,23,30,30,22,27,35,29,32,35,35,34,22,35,25,36,31,23,38,39,38,40,27,28,38,31,19,41,22,19,28,33,32,39
Radford City,9,8,6,6,10,17,11,9,14,13,8,13,3,8,8,22,16,20,13,11,10,12,9,14,6,9,10,14,13,23,10,21,10,13,10,9,5,11,10,11,12,13,17,15,8,9,6,8,5,4,23,11,12,23,21,13,10,22,15,11,9,10,13,16,17,23,16,11,16,22,14,14,11,11,8,8,16,14,18,23,13,19,14,6,8,7,12,10,11,16,21,16,11,14,9,12,9,11,9,7,19,18,12,14,12,11,5,18,12,12,12,16,16,18
Rappahannock County,3,5,4,4,5,2,5,7,8,7,10,9,4,9,7,7,7,12,4,5,9,11,6,5,7,4,5,5,7,10,8,14,8,11,6,5,7,5,7,8,5,12,13,13,9,6,4,11,3,4,10,8,3,17,15,15,13,22,14,12,6,6,9,7,13,18,11,9,11,11,12,15,8,3,3,13,7,14,7,7,3,11,3,7,8,5,5,8,9,9,6,5,5,11,2,6,3,2,9,5,6,8,4,5,5,14,9,7,6,11,3,5,7,5
Richmond City,143,160,213,253,280,328,287,282,220,202,203,219,166,181,253,257,327,373,256,300,250,227,255,252,173,174,281,263,329,368,283,298,194,245,216,229,172,182,282,265,335,368,346,291,218,270,262,267,181,201,250,294,274,300,313,321,274,319,284,294,227,210,299,312,300,379,393,342,311,293,291,311,233,213,289,301,345,334,295,297,252,230,207,180,121,173,224,189,274,285,226,183,193,213,200,228,133,187,207,243,286,275,263,195,194,231,186,216,134,173,231,251,278,266
Richmond County,3,4,4,3,1,3,3,1,5,4,3,1,4,5,8,11,5,7,7,5,7,3,6,4,2,5,2,9,4,9,5,8,4,7,4,2,3,5,8,8,5,5,7,10,5,10,3,10,2,5,6,4,2,7,10,3,10,4,4,2,3,6,9,5,6,10,4,6,5,7,4,3,2,1,2,5,4,3,6,3,7,5,4,2,7,0,5,0,5,3,4,6,4,5,2,4,2,3,6,7,3,4,7,5,2,5,5,1,1,2,2,5,4,6
Roanoke City,68,62,96,97,138,129,136,131,107,96,101,95,77,88,106,125,146,144,118,142,105,117,100,90,79,79,97,112,125,128,140,124,92,113,117,82,77,88,113,115,148,126,116,132,103,129,96,108,86,98,98,108,127,154,142,113,136,144,106,136,94,80,120,129,139,169,153,158,131,133,115,131,83,78,112,105,133,112,129,130,116,121,92,78,61,73,93,86,112,115,95,109,86,89,96,83,75,68,112,91,121,112,113,116,84,94,87,90,71,64,84,112,116,88
Roanoke County,81,73,123,137,169,160,134,142,128,111,114,84,85,87,144,113,130,182,143,167,136,127,101,100,90,87,121,133,180,174,194,155,135,120,120,105,72,91,130,154,180,164,166,189,120,137,105,100,116,115,138,126,130,168,186,195,147,155,143,156,106,108,165,142,162,183,169,178,160,156,134,126,93,76,109,131,121,178,128,145,119,107,95,103,69,76,101,78,91,145,114,104,110,104,68,68,82,75,88,109,136,138,117,131,93,117,102,116,73,80,78,112,134,122
Rockbridge County,18,10,23,12,24,33,22,25,18,16,16,10,11,12,18,16,22,27,23,32,13,14,28,20,11,9,22,20,18,31,35,29,22,21,22,22,14,12,15,23,35,34,39,36,32,29,22,25,20,10,31,20,23,24,36,34,30,32,22,30,18,15,29,33,36,27,28,26,23,21,33,21,24,14,36,21,22,35,22,39,24,14,23,25,22,6,18,12,25,27,18,21,30,18,11,10,24,15,20,26,36,20,27,40,33,33,22,22,26,14,27,28,32,42
Rockingham County,41,45,57,71,88,111,73,102,93,69,75,68,39,47,60,69,97,94,82,81,71,69,73,66,43,54,56,64,86,120,86,77,66,79,53,68,40,50,66,81,117,101,95,83,85,81,74,70,75,44,82,81,81,94,110,93,124,123,109,93,75,58,109,70,86,121,107,116,112,121,89,97,81,71,77,104,109,122,100,104,110,105,64,58,49,58,68,81,65,76,68,67,74,76,43,63,69,59,57,71,98,89,105,75,82,83,92,56,64,61,65,85,100,111
Russell County,7,2,9,5,9,11,5,3,7,8,7,4,9,1,11,8,6,9,9,5,9,9,4,6,5,6,8,8,12,7,10,10,8,9,13,5,4,8,6,7,7,8,6,11,8,11,8,3,3,5,3,6,10,11,10,10,7,12,6,6,9,13,5,6,14,17,18,6,10,5,13,6,10,10,5,11,4,13,7,16,7,5,5,4,6,5,5,3,10,9,5,7,4,8,7,3,2,2,12,4,11,8,7,20,7,12,11,10,2,6,10,15,13,4
Salem City,19,16,25,32,27,26,37,37,27,21,15,34,16,24,33,27,22,50,32,32,32,31,23,18,21,22,29,32,30,29,39,25,30,18,32,19,16,13,30,23,38,38,39,23,32,24,19,21,20,26,33,29,36,37,45,38,31,32,42,34,26,29,33,39,36,39,48,41,37,37,26,22,22,32,27,32,31,29,30,36,29,21,26,18,14,11,21,23,24,30,19,31,27,17,18,23,26,22,22,27,35,29,25,20,24,21,24,16,15,16,27,17,29,35
Scott County,0,0,1,1,2,1,0,4,6,1,0,0,1,1,0,1,1,1,2,0,1,0,0,3,1,0,0,0,0,3,1,0,0,0,0,0,0,0,0,1,2,0,1,2,0,1,0,1,0,0,1,1,0,1,0,1,1,0,1,0,1,2,1,2,1,3,0,0,1,0,0,2,1,1,3,1,1,0,1,0,0,0,1,0,0,0,1,0,0,0,0,0,0,0,0,0,0,0,7,14,18,10,13,11,15,16,9,15,8,10,13,11,17,10
Shenandoah County,35,37,46,56,58,81,56,68,59,46,50,47,36,38,58,52,64,62,62,78,51,44,52,57,49,32,62,56,84,78,58,59,64,55,65,45,36,48,60,67,74,91,66,58,63,57,55,72,59,41,62,59,79,76,82,100,80,76,87,80,60,43,63,58,68,70,95,73,73,67,80,83,56,48,73,68,65,84,77,94,50,75,69,44,40,36,48,43,67,69,61,56,38,46,55,46,38,32,66,60,52,62,49,55,52,49,54,52,40,35,45,61,54,67
Smyth County,10,12,9,13,11,12,20,17,15,14,16,19,9,16,24,20,23,12,10,11,24,12,17,10,12,14,16,18,18,15,11,12,11,24,20,7,15,10,16,27,18,14,18,23,13,18,20,18,9,15,15,25,21,24,29,23,23,19,17,23,15,15,19,20,27,21,19,25,26,23,23,15,19,22,20,21,13,22,18,26,15,18,11,19,15,24,21,9,26,22,15,19,16,23,22,24,10,12,12,13,26,17,23,17,15,15,10,17,5,13,7,14,23,18
Southampton County,7,5,10,5,19,14,17,13,11,12,9,18,8,8,15,11,11,19,8,13,10,19,11,15,10,4,19,14,10,21,8,21,6,11,7,7,11,18,8,11,6,18,14,15,16,19,7,11,11,15,13,18,20,8,16,13,23,19,14,14,13,13,10,19,13,15,12,17,17,23,13,23,13,9,13,22,23,14,9,11,14,12,16,7,3,14,9,23,15,12,11,18,9,16,7,13,8,11,19,13,15,16,15,12,10,7,12,9,10,9,18,20,11,20
Spotsylvania County,116,109,147,196,209,251,219,209,191,171,169,158,117,129,192,197,258,254,212,234,202,186,159,156,147,149,170,210,237,262,231,232,153,186,175,149,101,142,194,208,257,252,250,231,216,216,163,171,143,176,209,201,236,302,278,295,282,284,269,246,160,185,245,251,303,347,316,283,276,246,258,226,158,153,203,255,254,241,238,232,178,183,139,154,113,118,128,126,182,192,161,165,131,154,129,131,109,107,143,176,181,178,192,171,173,148,151,134,117,84,142,157,190,176
Stafford County,129,116,178,213,234,283,275,268,206,180,173,192,129,141,198,195,266,356,290,245,188,177,175,179,145,150,231,226,277,311,297,282,219,187,206,140,149,145,211,259,299,293,325,262,230,197,177,182,163,165,257,269,262,421,343,301,277,308,226,270,164,187,244,310,358,434,366,379,306,294,281,260,176,183,251,282,308,324,243,236,220,197,153,161,102,128,170,180,255,250,200,172,148,133,117,147,111,120,123,202,220,190,173,189,139,149,152,135,106,120,136,151,229,216
Staunton City,24,22,29,37,31,48,46,46,29,23,31,34,18,25,33,26,51,47,30,45,27,25,41,33,33,30,28,40,33,50,53,30,38,33,32,31,25,25,29,38,53,40,49,41,32,41,37,34,16,24,38,29,39,43,50,35,33,41,46,53,39,34,49,54,50,67,50,42,35,37,38,39,37,32,35,48,57,43,43,45,43,32,42,37,25,21,39,30,48,42,29,31,23,37,26,25,29,25,39,39,44,54,45,34,27,34,32,35,20,22,34,37,35,36
Suffolk City,86,85,130,133,163,176,133,167,136,122,132,146,95,107,164,134,171,175,145,193,136,133,129,142,89,92,147,133,150,214,159,180,141,151,132,128,97,116,146,146,181,190,186,207,148,178,135,133,111,123,181,176,179,222,233,223,203,209,178,214,138,127,169,220,216,256,249,274,252,227,229,236,143,162,237,225,249,254,218,222,186,157,119,141,101,126,146,159,189,198,153,191,145,138,142,149,115,131,164,150,197,189,159,172,154,146,150,144,96,117,119,171,177,173
Surry County,2,4,5,3,4,3,11,6,12,4,1,6,2,3,4,1,6,5,2,5,5,5,6,3,5,2,5,4,7,3,5,3,10,1,0,11,1,2,6,12,6,3,8,5,8,7,4,2,7,2,2,7,7,4,10,8,5,8,1,5,6,4,7,7,6,6,5,9,6,4,7,7,4,8,8,6,8,6,5,6,7,2,5,6,4,8,3,1,2,3,4,5,1,3,3,5,5,0,6,3,6,5,11,2,5,4,7,3,3,2,1,7,8,3
Sussex County,5,3,4,10,6,8,4,6,6,7,8,7,9,6,7,9,7,6,4,10,4,9,5,3,4,5,5,4,8,10,7,8,7,9,7,4,4,9,2,7,10,8,7,10,3,6,7,8,7,5,10,7,7,8,12,4,10,6,5,9,8,6,9,9,8,10,8,11,7,11,8,10,6,7,11,8,10,10,8,12,6,10,6,2,4,7,12,4,8,9,9,7,5,8,11,10,4,10,5,4,10,4,7,8,5,6,7,5,5,4,7,11,5,7
Tazewell County,9,10,10,16,12,12,9,16,15,12,13,7,6,7,19,13,17,9,18,17,13,13,10,9,6,5,19,15,16,17,11,11,14,21,15,11,8,5,15,19,10,14,23,13,18,22,18,14,22,11,16,10,9,22,21,21,25,23,15,16,18,10,28,20,19,23,33,20,22,25,19,28,15,12,21,18,20,15,17,16,15,16,19,17,21,7,20,26,10,22,18,18,20,26,12,8,5,10,17,14,21,23,15,13,25,19,10,12,3,11,5,8,25,20
Virginia Beach City,359,495,557,668,774,768,717,718,655,555,522,531,394,428,639,653,726,808,658,698,708,581,524,519,417,447,632,686,744,804,895,761,564,561,543,513,428,505,624,658,839,757,837,801,666,693,581,701,409,546,671,656,635,798,"1,009",912,895,869,759,822,614,591,823,886,899,"1,004",978,945,874,825,733,751,548,526,676,677,774,780,718,705,665,451,440,420,353,405,500,476,577,653,515,515,501,455,353,383,309,421,459,521,602,537,569,500,446,468,429,452,329,372,442,583,624,624
Warren County,34,40,45,43,66,80,59,65,63,51,54,48,35,49,56,69,71,78,71,71,67,68,50,52,40,49,53,54,67,72,64,51,58,61,49,50,39,28,57,63,77,78,77,60,96,69,67,58,48,58,60,58,74,74,101,94,98,82,77,68,52,63,57,90,98,102,75,95,73,70,63,73,53,51,60,59,81,72,60,56,71,46,47,49,26,50,55,46,51,54,45,57,55,34,43,30,32,35,42,56,59,52,71,61,40,59,54,43,41,25,41,43,62,69
Washington County,15,21,17,40,37,46,41,40,33,28,38,37,22,26,15,31,36,42,29,43,30,37,41,29,21,26,30,35,41,44,45,52,42,29,37,23,15,30,36,30,47,44,33,49,44,41,34,34,23,27,33,37,29,38,48,57,35,41,39,34,37,20,43,39,26,42,47,58,40,38,28,45,24,39,24,38,37,35,28,40,30,28,22,24,15,16,24,23,28,36,19,28,31,27,27,27,26,14,38,53,41,47,50,56,32,47,43,31,16,25,23,43,55,40
Waynesboro City,14,21,19,19,37,42,37,30,38,18,24,23,21,21,29,33,41,33,48,36,28,27,29,25,17,21,26,28,31,36,24,33,23,34,32,16,28,28,31,32,47,44,56,34,46,36,33,41,30,26,40,28,35,47,42,39,47,32,42,40,15,21,36,39,32,32,48,40,43,34,33,42,22,38,40,32,41,53,23,45,29,33,34,25,16,17,19,23,32,34,30,39,37,21,33,23,17,21,25,26,43,49,43,38,30,26,25,24,29,29,27,36,55,27
Westmoreland County,16,8,16,25,34,28,37,34,27,34,19,26,23,18,25,27,39,29,47,42,45,46,29,30,15,22,23,29,33,38,36,45,39,39,44,28,13,20,38,20,44,32,38,38,30,41,30,24,23,28,27,20,33,42,54,68,57,52,52,40,31,25,40,58,60,53,57,66,46,39,41,38,31,27,43,43,43,47,52,63,56,23,28,35,20,28,32,34,57,40,51,45,30,34,31,20,26,27,25,40,53,44,38,48,42,37,30,29,21,16,34,29,38,43
Williamsburg City,20,17,11,13,13,27,10,21,26,24,16,18,12,14,25,14,11,34,22,22,10,20,17,15,8,10,11,23,19,32,23,21,14,18,8,21,11,8,11,21,24,27,18,26,26,18,16,17,22,18,26,19,14,24,23,25,13,15,18,29,16,18,31,32,23,36,23,20,30,23,32,25,13,12,25,27,30,30,22,40,35,23,8,22,29,18,19,24,38,27,27,24,26,30,22,26,11,17,12,24,23,16,17,22,18,10,28,15,5,10,20,12,23,24
Winchester City,19,19,26,23,32,36,34,37,29,30,26,32,24,13,22,37,43,35,24,19,34,39,22,31,26,20,26,30,26,40,23,32,26,31,16,22,19,15,16,28,37,28,37,32,29,30,36,28,19,23,31,26,30,46,44,45,36,38,32,32,22,22,30,32,33,44,47,33,43,47,29,24,26,19,19,31,35,25,24,32,30,31,22,16,18,19,25,15,39,29,18,29,23,25,22,19,15,25,24,29,31,34,35,40,26,30,28,24,21,22,23,31,35,30
Wise County,0,2,1,2,0,0,1,0,0,2,0,6,2,0,0,2,0,2,0,0,1,2,1,4,2,1,2,2,1,0,0,1,1,1,3,0,1,1,2,0,3,2,1,1,3,2,3,0,1,3,0,0,1,2,0,1,2,0,1,0,1,1,1,1,0,1,2,3,0,1,0,1,0,0,1,2,1,1,2,1,0,1,0,1,0,0,0,0,2,4,0,2,2,1,1,1,1,0,22,19,20,22,20,14,14,13,12,17,13,8,9,12,22,22
Wythe County,10,15,23,18,25,25,25,29,29,24,26,20,22,15,28,25,32,13,20,19,30,27,19,19,13,23,16,29,38,24,26,32,35,27,20,28,17,22,17,23,37,27,33,28,35,32,32,17,19,24,27,28,29,25,29,32,48,31,28,30,20,16,16,19,38,39,44,35,36,27,31,25,15,17,34,33,38,36,37,43,30,31,18,19,22,16,19,32,34,20,17,25,35,30,18,26,20,13,25,32,35,33,29,22,26,26,19,26,7,14,13,24,39,30
York County,44,57,75,89,78,120,115,98,77,65,62,61,46,45,69,90,88,128,101,108,93,85,75,88,61,46,71,119,106,122,110,119,98,71,81,71,64,62,89,91,136,148,124,131,112,92,83,105,57,61,109,100,94,135,157,147,129,110,104,128,86,82,121,135,137,173,168,152,124,114,109,115,100,72,111,105,123,136,106,86,103,82,56,85,40,62,101,71,114,146,114,125,81,50,66,45,60,81,61,80,91,103,86,80,78,88,78,76,57,58,73,79,84,116
